id,citation_counts
2001.00124,2
2001.00128,1
2001.00183,3
